Location,Shop / Owner / Business Name,Uses Smartphone for Business (1-5),Uses Internet for Communication (1-5),Accepts UPI / Mobile Payments,Uses Online Marketplace,Finds Digital Tools Difficult (1-5),Digital Payments Increased Customers (1-5),Digital Payments Reduce Cash Loss (1-5),Transaction Fees Are Burden (1-5),Bookkeeping Easier with Digital (1-5),Digital Tools Increased Sales & Reach (1-5),Digital Messaging Improves Repeat Customers (1-5),Spends on Digital Services (1-5),Digital Records Help Stock Management (1-5),Fear of Fraud in Digital Payments (1-5),Lost Money in Digital Transactions (1-5),Plans to Use More Digital Tools (1-5)
"Upper Bazar, Ranchi, Jharkhand",Royal Gift Shop,3,2,1,0,2,3,5,2,5,3,4,4,3,2,1,4
"Itki Road, Ranchi, Jharkhand",Lovely Bakery,5,3,1,0,2,5,3,4,3,5,4,5,4,3,2,5
"Ranchi, Jharkhand",Speed Mobile World,4,3,0,0,4,1,1,2,1,1,2,5,1,3,2,3
"Ranchi, Jharkhand",Star Fashion Wear,4,3,1,0,1,5,3,4,4,4,3,3,4,2,2,5
"Piska More, Ranchi, Jharkhand",Fresh Choice Market,5,5,1,0,1,5,3,3,5,4,3,2,5,3,2,5
"Ranchi, Jharkhand",Jai Mata Di Fruits,5,3,1,0,2,5,5,4,4,4,3,5,3,3,2,4
"Upper Bazar, Ranchi, Jharkhand",Vinayak Gift Gallery,4,5,1,1,2,5,4,3,4,5,4,4,3,2,2,5
"Ranchi, Jharkhand",Shanti Devi,5,4,1,0,2,4,5,2,5,5,4,4,4,3,1,5
"Ranchi, Jharkhand",Super Mart,3,3,1,1,1,3,4,3,5,4,3,2,3,4,3,5
"Ranchi, Jharkhand",Krishna Kirana,5,5,1,1,1,3,4,4,3,5,3,4,3,2,2,4
"Ratu Road, Ranchi, Jharkhand",Maa Durga Fruits,3,3,1,0,1,4,3,3,4,3,5,4,5,3,2,4
"Piska More, Ranchi, Jharkhand",Medha Dairy,4,3,1,0,2,3,4,4,5,5,4,3,5,4,3,5
"Piska More, Ranchi, Jharkhand",Daily Needs Store,4,5,1,1,1,5,3,2,4,5,5,4,3,3,1,5
"Piska More, Ranchi, Jharkhand",Aman Stationery,5,5,1,0,1,3,5,4,3,4,5,4,4,4,2,4
"Kanke Road, Ranchi, Jharkhand",National Sports Store,4,4,1,0,1,4,3,3,5,3,5,4,4,4,3,4
"Ratu Road, Ranchi, Jharkhand",Ritu Cosmetic Store,4,3,1,0,2,5,3,3,5,4,4,2,3,4,2,5
"Ranchi, Jharkhand",City Cycle Store,5,4,1,1,1,3,4,2,5,3,5,4,4,3,1,5
"Piska More, Ranchi, Jharkhand",Smart Recharge Point,4,4,0,0,5,2,2,3,1,2,1,2,2,3,1,3
"Ranchi, Jharkhand",Rainbow Kids Wear,3,2,1,1,1,4,4,4,4,5,4,3,3,4,2,5
"Kanke Road, Ranchi, Jharkhand",Rahul Watch Center,5,5,0,0,5,2,1,2,2,1,1,5,2,3,2,4
"Itki Road, Ranchi, Jharkhand",Healthy Harvest Fruits,5,4,1,0,1,5,5,4,5,3,4,5,5,2,2,5
"Ranchi, Jharkhand",Star Fashion Wear,4,3,1,0,1,5,5,3,5,3,4,2,3,3,2,4
"Doranda, Ranchi, Jharkhand",Urban Style Boutique,3,2,1,1,1,4,3,4,3,4,5,2,5,3,2,5
"Upper Bazar, Ranchi, Jharkhand",Goodwill Traders,4,3,1,0,1,3,4,3,5,3,4,3,4,2,1,5
"Ranchi, Jharkhand",Ritu Cosmetic Store,4,3,1,0,2,5,5,2,4,3,3,2,3,2,2,5
"Ranchi, Jharkhand",Easy Buy Store,3,2,1,1,2,3,4,4,4,3,5,2,4,3,2,5
"Ranchi, Jharkhand",Fresh Farm Vegetables,3,4,1,0,1,5,5,2,4,3,4,2,4,3,2,4
"Upper Bazar, Ranchi, Jharkhand","Ranchi, Jharkhand Electronics",5,3,1,0,2,3,4,3,4,5,4,2,3,3,2,5
"Itki Road, Ranchi, Jharkhand",Smart Tech Solutions,4,4,0,0,4,2,2,4,3,2,2,4,3,4,2,4
"Doranda, Ranchi, Jharkhand",Apna Bazaar,5,3,0,0,4,1,3,2,3,3,3,3,3,2,2,4
"Kanke Road, Ranchi, Jharkhand",Usha Electrical Store,4,3,1,0,1,4,4,3,4,3,4,5,3,2,1,4
"Upper Bazar, Ranchi, Jharkhand",Deepak Paint House,3,3,1,0,2,4,4,3,5,5,4,3,4,3,1,4
"Ranchi, Jharkhand","Kolkata Sweets Ranchi, Jharkhand",5,5,1,0,2,3,5,3,4,3,5,2,3,3,1,4
"Ranchi, Jharkhand",Bright Stationery,5,3,1,0,1,5,4,3,4,5,4,4,3,2,2,5
"Ratu Road, Ranchi, Jharkhand",Bansal Electronics,4,5,1,1,1,4,5,3,4,3,3,4,4,3,2,4
"Ranchi, Jharkhand",Golden Sweets House,4,4,1,1,1,4,3,4,3,5,3,5,3,3,2,5
"Upper Bazar, Ranchi, Jharkhand",Happy Home Needs,4,4,1,0,1,3,4,4,5,3,4,4,3,3,1,4
"Kanke Road, Ranchi, Jharkhand",Sunrise Cafe,4,3,1,0,1,5,4,4,4,5,3,3,3,2,1,4
"Ratu Road, Ranchi, Jharkhand",Classic Footwear,3,4,1,0,1,3,5,2,5,5,3,3,3,4,2,5
"Ranchi, Jharkhand",Shivam Grocery,3,2,0,0,4,1,3,3,2,3,3,2,3,2,1,3
"Piska More, Ranchi, Jharkhand",Prime Opticals,4,5,1,0,1,5,3,3,4,5,5,5,4,2,2,4
"Upper Bazar, Ranchi, Jharkhand",Lovely Bakery,4,3,1,0,1,5,5,4,5,5,4,3,3,4,3,5
"Doranda, Ranchi, Jharkhand",Mahavir Medical Hall,4,4,1,0,2,5,4,3,3,5,5,4,5,4,3,4
"Ratu Road, Ranchi, Jharkhand",Shivam Grocery,5,5,1,1,1,5,3,3,5,5,4,5,5,4,3,4
"Ratu Road, Ranchi, Jharkhand",Fresh Farm Vegetables,5,4,1,0,2,4,3,2,4,5,3,5,5,2,1,5
"Ranchi, Jharkhand",Perfect Mobile Care,5,4,0,0,5,2,3,3,2,2,2,5,2,2,2,4
"Piska More, Ranchi, Jharkhand",Daily Fresh Veg Market,5,5,1,0,1,3,4,4,5,5,5,5,5,4,3,5
"Itki Road, Ranchi, Jharkhand",City Mart,3,3,1,0,2,3,3,2,4,5,3,3,5,2,1,5
"Ranchi, Jharkhand",Kunal Book Depot,3,2,1,0,1,4,4,4,5,3,4,3,5,3,1,4
"Ratu Road, Ranchi, Jharkhand",Rainbow Kids Wear,5,5,1,0,1,4,3,2,3,3,3,3,3,2,1,5
"Ratu Road, Ranchi, Jharkhand",Suman Readymade,3,4,1,1,2,3,5,4,4,4,4,3,4,3,2,4
"Upper Bazar, Ranchi, Jharkhand",Classic Electronics,4,5,1,0,2,4,3,4,4,5,3,5,5,4,2,5
"Itki Road, Ranchi, Jharkhand",Laxmi Hardware,3,2,1,1,2,5,4,3,4,3,5,5,5,2,2,4
"Piska More, Ranchi, Jharkhand",Quick Bite Snacks,3,3,0,0,5,2,1,2,3,2,2,4,3,2,2,3
"Ranchi, Jharkhand",Mehta Traders,4,3,0,0,5,3,2,3,3,3,3,2,2,4,2,2
"Itki Road, Ranchi, Jharkhand","Kolkata Sweets Ranchi, Jharkhand",3,2,1,0,2,5,4,4,4,3,5,3,5,4,3,5
"Piska More, Ranchi, Jharkhand",Patel Fruits Center,5,5,1,1,1,4,3,4,3,4,4,2,4,3,2,4
"Doranda, Ranchi, Jharkhand",Om Sai Provision,3,4,1,0,2,3,3,3,3,5,3,3,3,2,1,4
"Ranchi, Jharkhand",Tech0 World,4,5,1,1,2,3,3,4,3,5,3,2,5,4,3,4
"Ratu Road, Ranchi, Jharkhand",Healthy Harvest Fruits,3,2,0,0,4,1,3,2,1,2,3,3,1,2,1,4
"Ratu Road, Ranchi, Jharkhand",Rahul Watch Center,4,4,1,0,1,4,5,3,4,4,4,5,4,3,2,4
"Piska More, Ranchi, Jharkhand",Tech0 World,3,4,0,0,4,2,3,2,1,1,2,5,2,3,2,2
"Ratu Road, Ranchi, Jharkhand",Mehta Traders,5,4,1,0,1,3,3,4,3,3,4,4,4,2,1,5
"Kanke Road, Ranchi, Jharkhand",Lovely Bakery,5,5,1,0,2,4,3,2,3,5,5,3,5,2,2,5
"Upper Bazar, Ranchi, Jharkhand",Om,4,5,1,1,1,5,5,4,3,3,5,2,3,4,3,4
"Doranda, Ranchi, Jharkhand",Sunrise Cafe,3,4,1,0,1,4,5,4,5,3,3,2,5,2,1,5
"Itki Road, Ranchi, Jharkhand",Sheetal Pani puri,3,3,1,0,2,5,5,2,3,5,5,5,3,3,1,5
"Kanke Road, Ranchi, Jharkhand",Royal Gift Shop,4,5,0,0,5,3,2,2,1,3,3,2,3,3,1,3
"Ranchi, Jharkhand",Sagar Fast Food,5,3,1,1,1,4,3,4,3,3,3,3,3,2,2,5
"Kanke Road, Ranchi, Jharkhand",Metro Mobile Shop,5,5,1,0,1,5,4,2,5,4,5,3,4,3,2,4
"Ranchi, Jharkhand",Raj Mobile Zone,4,5,1,1,1,3,3,2,3,4,3,3,5,4,2,5
"Ratu Road, Ranchi, Jharkhand",City Cycle Store,4,3,1,0,1,5,3,4,4,5,4,3,4,2,2,4
"Doranda, Ranchi, Jharkhand",Happy Mart Grocery,3,4,0,0,4,1,1,2,1,1,1,2,2,2,1,4
"Ratu Road, Ranchi, Jharkhand",Swastika Tiles,5,3,1,0,2,3,5,4,4,4,4,5,5,2,2,5
"Upper Bazar, Ranchi, Jharkhand",Aman Stationery,3,3,1,0,1,5,5,3,5,5,3,3,4,2,2,5
"Doranda, Ranchi, Jharkhand",Urban Style Boutique,3,4,1,0,2,4,4,4,5,4,4,2,4,3,1,4
"Kanke Road, Ranchi, Jharkhand",Tech0 World,5,5,1,0,2,5,4,2,3,3,5,3,4,3,2,4
"Doranda, Ranchi, Jharkhand",Royal Gift Shop,5,4,1,0,1,4,3,3,3,3,5,5,4,2,2,4
"Ranchi, Jharkhand",Reliable Computer Center,5,4,1,0,1,5,3,3,3,3,4,3,4,3,2,5
"Ratu Road, Ranchi, Jharkhand",City Mart,5,5,1,1,2,3,3,3,5,5,3,5,5,4,2,4
"Upper Bazar, Ranchi, Jharkhand",Swastik Book Depot,3,2,0,0,4,2,2,4,3,3,3,5,2,2,2,3
"Ratu Road, Ranchi, Jharkhand",Lovely Bakery,3,4,1,0,1,4,4,4,4,4,5,2,4,4,3,5
"Ranchi, Jharkhand",Ravi Tea Stall,4,4,1,1,1,4,5,2,5,5,5,5,5,2,2,4
"Kanke Road, Ranchi, Jharkhand",Sahu Electricals,4,4,0,0,3,2,2,3,3,1,3,3,3,2,1,2
"Upper Bazar, Ranchi, Jharkhand",Ronit Tigga,3,4,1,1,2,5,3,3,5,5,5,5,3,2,2,4
"Kanke Road, Ranchi, Jharkhand",Gupta General Store,4,3,1,1,1,5,4,4,5,4,3,3,4,4,3,5
"Kanke Road, Ranchi, Jharkhand",Perfect Mobile Care,3,2,0,0,4,3,3,2,1,1,2,2,2,3,2,3
"Ranchi, Jharkhand",Rohit Juice Corner,4,4,1,0,1,5,3,4,4,4,4,5,5,4,3,5
"Itki Road, Ranchi, Jharkhand",City Fashion Point,3,2,1,0,2,3,5,3,4,4,5,3,3,4,3,4
"Itki Road, Ranchi, Jharkhand",Patel Fruits,3,3,1,0,1,5,3,3,3,4,5,5,4,2,1,5
"Itki Road, Ranchi, Jharkhand",Satish Oraon,3,2,1,0,2,3,4,4,4,4,4,4,4,3,1,4
"Kanke Road, Ranchi, Jharkhand",Agrawal Wood Wares,4,4,1,0,1,5,3,2,4,4,3,2,3,4,2,5
"Kanke Road, Ranchi, Jharkhand",Tiwari Photo Studio,5,5,1,0,2,4,3,3,5,4,4,2,5,4,2,4
"Upper Bazar, Ranchi, Jharkhand",Smart Grocery Hub,3,3,1,0,1,5,5,4,5,3,3,2,5,2,1,5
"Itki Road, Ranchi, Jharkhand",Usha Electrical Store,4,5,1,0,1,4,3,3,5,3,3,2,4,3,1,5
"Ranchi, Jharkhand",Lovely Bakery,5,5,1,0,2,3,5,4,4,4,5,3,4,2,2,4
"Itki Road, Ranchi, Jharkhand",Sonu Mobile Care,5,3,0,0,4,1,2,3,3,3,1,5,1,4,2,3
"Itki Road, Ranchi, Jharkhand",Sunrise Cafe,4,3,1,1,1,3,5,4,3,3,3,4,4,3,2,5
"Piska More, Ranchi, Jharkhand",Classic Footwear,3,3,1,0,1,4,3,3,3,3,4,2,4,2,2,4
"Ranchi, Jharkhand",Green Fresh Vegetables,5,3,1,0,2,4,5,2,5,3,4,5,5,4,3,5
Column 1,Column 2,Column 3,Column 4,Column 5,Column 6,Column 7,Column 8,Column 9,Column 10,Column 11,Column 12,Column 13,Column 14,Column 15,Column 16,Column 17,Column 18
"Dauli, Bhubaneshwar, Odisha",Ashok ,1,1,1,0,1,3,4,1,4,1,3,,4,2,1,1
"Dauli, Bhubaneshwar, Odisha",Dauli tiffins,2,2,1,0,5,3,3,3,3,3,4,,2,1,1,1
"Kiit road, Bhubaneshwar, Odisha ",Maggie 1,1,1,1,0,4,4,3,3,1,4,3,1,1,1,1,1
"Kiit road, Bhubaneshwar, Odisha",Papdi chatt,2,2,1,0,4,3,4,1,1,3,3,4,1,4,2,1
"Kiit road, Bhubaneshwar, Odisha",Hanuman kulfi wala,1,1,0,0,5,2,4,4,1,1,1,1,1,1,1,1
"Kiit road, Bhubaneshwar, Odisha",Roll king ,4,4,1,0,3,4,2,2,2,4,1,2,1,3,4,2
"Kiit road, Bhubaneshwar, Odisha",Chatpat,3,2,1,0,4,2,4,1,1,4,1,1,4,5,1,1
"Kiit road, Bhubaneshwar, Odisha",Rolicious,1,2,1,0,3,3,3,1,1,3,3,1,1,4,4,1
"Kiit road, Bhubaneshwar, Odisha ",Dev,5,5,1,0,1,3,5,3,5,5,5,5,5,5,1,5
"Patia, Odisha",Jagannath enterprises,5,5,1,0,1,2,3,5,4,3,3,4,3,3,2,4
"Kiit road, Bhubaneshwar, Odisha",Mugs,4,5,1,1,2,4,3,5,5,4,2,5,5,1,1,4
"Patia, Odisha",Bong pizza,5,5,1,1,3,4,4,3,4,5,5,5,3,4,1,3
"Kiit road, Bhubaneshwar, Odisha",Medicine,2,3,1,1,4,3,1,3,1,1,1,2,1,1,1,1
"Kiit road, Bhubaneshwar, Odisha ",Panipuri 1,5,5,1,0,5,1,1,1,1,1,1,1,1,1,1,1
"Kiit road, Bhubaneshwar, Odisha",Panipuri 2,2,1,1,0,1,1,1,5,1,1,2,1,1,3,3,1
"Kiit road, Bhubaneshwar, Odisha",Fruits1,4,3,1,0,4,4,1,5,3,3,1,4,1,1,1,1
"Star city, Bhubaneshwar, Odisha ",Ashmita food services ,5,5,1,1,5,5,5,5,5,5,5,5,5,5,5,5
"RK Puram,Secundrabad ",Aggrawal sweets ,5,4,1,1,3,3,2,4,3,2,5,4,5,3,2,3
"RK Puram,Secundrabad ",Rajesthani waala,5,1,1,0,3,4,2,4,4,1,1,1,5,1,1,2
"RK Puram,Secundrabad ",Venkateshwar kirana and genral store,3,1,1,1,3,1,4,3,3,2,4,1,2,1,1,2
"RK Puram,Secundrabad ",Kotha Subhashini ,2,2,1,0,2,1,3,3,3,4,3,1,1,1,1,1
"RK Puram,Secundrabad ",Maharaja food court,5,1,1,0,1,5,4,3,5,5,4,5,5,3,3,4
"RK Puram,Secundrabad ",Mrk Abhilash,5,1,1,0,5,1,3,3,3,3,3,3,1,3,1,1
"RK Puram,Secundrabad ",Shaik riyaz fruits,4,1,1,0,5,1,1,3,4,4,1,1,4,2,2,1
"RK Puram,Secundrabad ",Sai Marketing ,1,1,1,0,5,3,4,4,3,1,1,1,4,3,1,1
"RK Puram,Secundrabad ",Ramma Reddy,5,1,1,0,4,4,1,5,3,3,1,3,1,1,1,1
"Chakradharpur, Jharkhand",Jharkhand Variety Store,5,1,1,0,4,5,5,4,4,4,5,5,4,5,2,4
"RK Puram,Secundrabad ",Vesavi bangal store,5,1,1,0,4,3,1,5,1,1,3,1,1,4,2,3
"RK Puram,Secundrabad ",Military store,4,3,1,0,1,3,2,4,1,1,1,2,1,4,1,1
"RK Puram,Secundrabad ",Sri sai tailors,2,1,1,0,4,2,1,3,1,3,3,1,2,2,3,1
"RK Puram,Secundrabad ",Jyoti dresses,5,3,1,0,3,3,1,4,4,2,3,4,4,5,2,2
"RK Puram,Secundrabad ",K. Chandra genral store,4,2,1,0,4,3,4,2,4,1,2,4,2,2,2,2
Khordha,Raju tiffin stall,2,2,1,0,5,1,3,5,3,1,3,2,1,5,4,2
"Safilguda,Secundrabad ",Phone Repair & Sales,5,4,1,0,1,2,1,1,4,1,3,1,5,1,2,1
"Safilguda,Secundrabad",Sai Mobiles,4,5,1,0,2,2,4,2,4,1,4,1,4,1,1,1
"Safilguda,Secundrabad",Raj Mobiles,5,2,1,0,4,2,4,2,4,1,3,1,4,2,2,4
"Safilguda,Secundrabad",Digital hub,5,4,1,1,1,5,4,5,5,5,4,4,4,2,2,5
"Cuttack, Odisha",Dahibara 1,1,2,1,0,5,3,4,5,1,3,4,2,1,3,4,2
"Bhubaneswar, Odisha",Delta Soup,4,5,1,1,2,4,5,2,3,4,4,4,4,2,1,4
"Safilguda,Secundrabad ",Sai dristi,5,4,1,1,1,4,4,1,5,5,2,5,4,4,2,5
"Safilguda,Secundrabad ",Rajesthani methai wala,5,5,1,1,4,4,4,1,4,3,3,3,4,4,1,3
"Safilguda,Secundrabad ",Kotha Shivi Tailors,5,4,1,0,3,2,5,2,4,2,1,2,2,4,4,2
"Safilguda,Secundrabad ",Cakes & bakery,5,4,1,1,3,4,2,2,4,4,4,4,4,2,2,3
"Chakradharpur, Jharkhand",A1 Lady's Corner,5,2,1,0,2,4,4,3,4,4,5,4,3,4,2,5
"Chakradharpur,Jharkhand",Soni (Golgappa stall),5,5,1,1,5,3,4,3,3,3,5,3,1,2,2,3
"Chakradharpur,Jharkhand",Binay (small shop),5,3,1,0,3,3,3,5,3,2,5,3,2,3,2,3
"Chakradharpur, Jharkhand","Owner - Mangal , Business name - Hair Saloon",5,4,1,0,3,5,4,3,5,4,5,5,5,3,2,5
"Bhubaneswar, Odisha",Amri Hos. Tea Stall,3,2,1,0,3,4,4,4,3,3,5,2,1,4,1,4
"Bhubaneswar, Odisha",Raju Beetle Shop,5,3,1,0,4,1,5,3,5,4,5,4,2,5,1,4
"Chakradharpur, Jharkhand",Vinay (Golgappa stall),5,4,1,0,3,3,4,4,3,3,4,2,2,4,2,3
"Chakradharpur, Jharkhand",Diya (Golgappa stall),5,3,1,1,2,3,4,3,4,4,5,3,2,3,2,4
"Chakradharpur, Jharkhand ",Suraj (Golgappa stall),5,4,1,0,3,3,4,3,4,3,4,3,2,3,2,4
"Dumduma, BBSR, Odisha ",Rabi Grocery Store,4,2,1,0,5,1,4,3,1,1,4,2,1,4,1,3
"Dumduma, BBSR, Odisha ",Ganguram Mithai,5,3,1,1,2,4,5,1,3,3,5,5,3,3,4,5
"Chakradharpur,Jharkhand",Golgappa stall,4,4,1,0,3,3,3,3,4,2,4,3,2,3,2,4
"Chakradharpur, Jharkhand ",Small shop(owner-udit),3,2,0,0,4,2,2,3,1,1,3,1,2,4,2,3
"Chakradharpur, Jharkhand ",Bhola Anda stall,4,4,1,1,2,4,4,4,4,4,5,4,3,2,2,4
"Chakradharpur, Jharkhand",Raju Tea Stall,3,2,0,0,4,2,2,3,2,3,3,2,2,3,4,2
" Chakradharpur, Jharkhand",Chhotu Bhel Puri,4,2,0,0,4,3,2,3,2,2,4,2,2,5,4,2
"Chakradharpur, Jharkhand",Aman Sandwich stall,4,3,1,0,2,4,4,3,4,3,4,4,3,4,2,4
"Chakradharpur, Jharkhand ",Sonu Momos stall,5,4,1,1,4,4,4,4,4,4,5,4,3,3,2,5
"Chakradharpur, Jharkhand",Om Sai Snacks Cart,4,4,1,0,2,4,4,3,4,3,5,4,3,3,2,4
"Chakradharpur, Jharkhand",Ramesh Chaat Stall,4,3,1,0,2,3,4,3,4,4,5,4,2,2,2,4
"Chakradharpur, Jharkhand",Kallu Chowmein Cart,5,4,1,1,2,4,4,4,4,4,5,4,3,3,2,5
"Chakradharpur, Jharkhand",Sanjay Egg Roll,4,4,1,0,2,4,4,3,4,3,5,4,4,3,2,4
"Chakradharpur, Jharkhand ",Suresh,2,2,0,0,2,1,2,3,2,2,3,2,2,4,3,2
"Chakradharpur, Jharkhand",Rai sweet shop,5,4,1,1,2,4,4,4,4,4,5,4,4,3,2,4
"Chakradharpur, Jharkhand",Suresh newspaper book stall,4,4,1,0,2,4,4,4,4,4,5,4,3,3,2,4
"Chakradharpur, Jharkhand",Mahesh chai stall,4,3,1,0,2,4,4,4,4,4,4,4,2,3,2,4
"Chakradharpur, Jharkhand",Ranjit Chakraborty ,5,4,1,1,4,4,4,4,4,4,4,4,4,3,2,5
"Chakradharpur, Jharkhand ",Ashok Idli stall,4,4,1,1,2,4,4,4,4,4,4,4,4,4,2,2
"Chakradharpur, Jharkhand ",Ravi ,4,4,1,0,2,4,4,4,4,4,4,4,2,3,2,4
"Chakradharpur, Jharkhand ",Standard Tailor,4,3,1,0,2,4,4,4,4,3,5,4,3,3,2,4
"Chakradharpur, Jharkhand ",Sarita,4,4,1,0,2,4,4,4,4,4,4,4,4,3,2,4
"Chakradharpur, Jharkhand ",Ashish Medical Store,5,4,1,0,4,4,4,4,4,4,4,4,4,2,2,5
"Chakradharpur, Jharkhand ",Sanjay ,5,3,1,0,2,4,4,4,4,3,4,4,3,3,2,5
"Chakradharpur, Jharkhand",Mehta Kirana Store,4,4,1,0,2,4,4,4,4,3,4,4,4,3,2,4
"Safilguda,Secundrabad ",Metha cycles,3,5,1,0,1,4,4,1,4,1,4,3,4,2,2,3
"Safilguda,Secundrabad ",EV udhay,4,2,1,0,4,3,2,3,4,2,1,1,1,3,3,1
"Ranchi, Jharkhand",Sahu bhandar,5,4,1,0,2,4,4,3,4,4,4,2,4,2,2,4
"Dumduma, Bhubaneswar, Odisha",Pati Electricals,5,3,1,0,4,4,5,3,1,3,4,1,2,4,2,3
"Dumduma, Bhubaneswar, Odisha",Pramod Snacks,5,5,1,1,2,4,3,2,4,4,5,3,2,5,2,5
"Dumduma, Bhubaneswar, Odisha",Bharat Book Store,5,5,1,0,1,5,4,2,3,5,4,4,2,2,3,5
"Dumduma, Bhubaneswar, Odisha",Sahoo Grocery Store,2,2,1,0,5,3,3,5,1,2,4,2,1,5,4,3
"Dumduma, Bhubaneswar, Odisha",Litu Book Store,5,5,1,0,2,4,5,4,2,4,4,3,1,4,3,4
"Dumduma, Bhubaneswar, Odisha",Dumduma Drug House,5,3,1,1,2,3,4,2,1,4,4,3,2,4,3,3
"Dumduma, Bhubaneswar, Odisha",Mamali Medicine,4,4,1,1,4,2,4,2,1,2,5,3,1,5,5,3
"Dumduma, Bhubaneswar, Odisha",Home Needs,3,3,1,0,5,2,3,4,2,2,4,3,1,4,4,2
"Dumduma, Bhubaneswar, Odisha",Vegetable Shop,2,2,1,0,5,2,3,5,1,2,2,2,1,5,3,3
"Dumduma, Bhubaneswar, Odisha",Car Wash,4,3,1,0,5,4,4,3,1,3,4,3,1,4,2,2
"Dumduma, Bhubaneswar, Odisha",Rakaa Bettle Shop,4,4,1,0,4,3,5,5,1,2,3,3,1,5,1,3
"Dumduma, Bhubaneswar, Odisha",Laxmi Jewellery,4,2,1,0,5,2,2,3,1,2,5,3,1,4,2,2
"Uluberia, Howrah, West Bengal",Vegetable Shop 1,3,1,1,0,3,4,5,3,1,1,1,4,1,3,1,3
"Uluberia, Howrah, West Bengal",Vegetable Shop 2,1,1,1,0,4,2,2,3,4,1,1,3,4,2,2,2
"Uluberia, Howrah, West Bengal",Vegetable Shop 3,1,1,0,0,5,1,1,5,1,1,1,1,1,1,1,1
"Uluberia, Howrah, West Bengal",Vegetable Shop 4,1,1,0,0,5,1,1,1,1,1,1,1,1,1,1,1
"Uluberia, Howrah, West Bengal",Vegetable Shop 5,1,1,0,0,5,1,1,1,1,1,1,1,1,1,1,1
"Uluberia, Howrah, West Bengal",Vegetable Shop 6,1,1,0,0,5,1,1,1,1,1,1,1,1,1,1,1
"Uluberia, Howrah, West Bengal",Vegetable Shop 7,1,1,0,0,5,1,1,1,1,1,1,1,1,1,1,1
"Uluberia, Howrah, West Bengal",Clothes Shop 1,1,1,0,0,5,1,1,1,1,1,1,1,1,1,1,1
"Uluberia, Howrah, West Bengal",Flower Shop 1,1,1,0,0,5,1,1,1,1,1,1,1,1,1,1,1
"Uluberia, Howrah, West Bengal",Cake Shop 1,1,1,0,0,5,1,1,1,1,1,1,1,1,1,1,1
"Uluberia, Howrah, West Bengal",Momo Shop 1,4,3,1,0,3,4,3,2,3,1,1,4,3,2,2,4
"Uluberia, Howrah, West Bengal",Momo Shop 2,4,4,1,0,2,2,4,4,4,2,2,2,2,2,2,4
"Uluberia, Howrah, West Bengal",Tea Shop 1,5,1,1,0,2,5,4,4,2,2,2,2,2,2,2,3
"Uluberia, Howrah, West Bengal",Tea Shop2,5,2,1,0,4,4,4,4,2,2,1,4,2,2,2,3
"Uluberia, Howrah, West Bengal",Tea Shop 3,4,2,1,0,2,1,2,2,2,2,2,2,2,2,2,1
"Uluberia, Howrah, West Bengal",Bag Shop 1,2,2,0,0,1,2,2,5,2,2,2,2,2,2,2,1
"Uluberia, Howrah, West Bengal",Clock Stop1,4,2,1,0,5,4,4,4,1,1,1,4,1,4,4,1
"Uluberia, Howrah, West Bengal",Fries Shop 1,3,1,1,0,2,3,2,2,2,2,2,2,1,4,3,3
"Uluberia, Howrah, West Bengal",Fries Shop 2,1,1,1,0,4,5,3,2,2,2,2,5,2,4,4,2
"Uluberia, Howrah, West Bengal",Jewellry Seller 1,1,1,0,0,5,1,1,1,1,1,1,1,1,5,1,1
"Uluberia, Howrah, West Bengal",Jewellry Seller 2,1,1,0,0,5,1,1,1,1,1,1,1,1,1,1,1
"Uluberia, Howrah, West Bengal",Jewellry Seller 3,1,1,0,0,4,1,1,1,1,1,1,1,1,1,1,1
"Uluberia, Howrah, West Bengal",Jewellry Seller 4,1,1,0,0,3,1,1,5,1,1,1,1,1,2,1,1
"Uluberia, Howrah, West Bengal",Fruit Shop 1,3,1,1,0,2,4,2,2,2,2,2,2,2,4,3,2
"Uluberia, Howrah, West Bengal",Fruit Shop 2,3,1,1,0,2,4,4,2,2,2,2,2,2,4,2,2
"Uluberia, Howrah, West Bengal",Fruit Shop 3,2,1,1,0,4,4,4,4,2,2,2,2,2,4,3,2
"Uluberia, Howrah, West Bengal",Fruit Shop 4,2,1,1,0,4,4,4,4,1,1,1,2,4,4,3,1
"Uluberia, Howrah, West Bengal",Fruit Shop 5,3,1,1,0,3,2,1,3,2,1,1,3,4,3,4,1
"Uluberia, Howrah, West Bengal",Fruit Shop 6,2,2,1,0,4,3,3,4,1,2,1,4,4,5,4,2
"Uluberia, Howrah, West Bengal",Fruit Shop 7,2,2,1,1,5,3,4,4,2,1,5,2,5,5,4,2
"Uluberia, Howrah, West Bengal",Fruit Vender 1,1,1,0,0,1,1,1,4,1,2,2,4,2,5,2,1
"Uluberia, Howrah, West Bengal",Fruit Vender 2,1,1,0,1,5,1,1,4,1,2,2,3,2,4,2,1
"Uluberia, Howrah, West Bengal",Fruit Vender 3,1,1,0,0,4,1,1,4,2,1,1,2,2,5,4,2
"Uluberia, Howrah, West Bengal",Fruit Vender 4,1,1,0,0,5,1,2,5,1,2,2,1,1,4,1,1
"Uluberia, Howrah, West Bengal",Fruit Shop 9,1,1,1,0,3,4,4,2,2,4,1,2,2,3,3,2
"Uluberia, Howrah, West Bengal",Fruit Shop 8,2,1,1,0,2,2,4,4,2,4,1,4,1,4,3,1
"Uluberia, Howrah, West Bengal",Fries Shop 3,2,1,1,0,2,3,4,4,1,1,2,2,2,4,4,1
"Uluberia, Howrah, West Bengal",Fruit Shop 10,2,1,1,0,4,2,4,2,1,1,2,3,2,2,2,1
"Uluberia, Howrah, West Bengal",Fruit Vender 5,1,1,0,0,5,1,1,4,2,1,1,1,1,5,3,3
"Uluberia, Howrah, West Bengal",Fruit Vender 6,1,1,0,0,5,1,1,4,2,1,1,1,1,1,2,1
"Uluberia, Howrah, West Bengal",Flower Vender 1,2,1,0,0,4,2,2,1,2,2,1,3,1,4,4,2
"Uluberia, Howrah, West Bengal",Fruit Vender 7,1,1,0,0,2,2,1,2,1,1,1,4,2,2,2,1
"Uluberia, Howrah, West Bengal",Peanut shop 1,4,2,1,0,3,2,3,3,4,4,4,2,4,4,1,1
"Uluberia, Howrah, West Bengal",Shoes Shop 1,2,2,0,0,5,2,1,4,1,1,1,4,1,1,2,1
"Uluberia, Howrah, West Bengal",Shoes Shop 2,2,2,0,0,4,1,1,5,1,1,1,1,1,2,1,1
"Uluberia, Howrah, West Bengal",Shoes Shop 3,1,1,0,0,1,1,1,1,1,1,1,1,1,1,1,2
"Dumduma, Bhubaneswar, Odisha",Phase 4 Car Wash,3,2,1,0,4,3,5,3,1,2,2,3,1,4,2,3
"Dumduma, Bhubaneswar, Odisha",Raaka Beetle Shop,5,2,1,0,5,4,5,5,2,4,1,4,2,4,2,4
"Dumduma, Bhubaneswar, Odisha",Sumanta Tiffin Stall,3,2,1,0,4,5,5,3,1,4,4,4,3,5,2,4
"Dumduma, Bhubaneswar, Odisha",Gopal Sweets,5,5,1,1,3,3,5,2,4,3,2,4,4,3,4,5
"Dumduma, Bhubaneswar, Odisha",Bhubaneswar Drug House,5,5,1,1,2,5,4,4,5,5,4,5,5,2,3,5
"Dumduma, Bhubaneswar, Odisha",Parija Electronics,3,2,1,0,4,5,5,4,2,4,2,4,2,4,2,3
"Dumduma, Bhubaneswar, Odisha",Dahibara Stall ,2,1,1,0,5,3,5,5,1,3,2,3,1,5,3,2
"Dumduma, Bhubaneswar, Odisha",Vaidehi Groceries,5,5,1,0,2,5,5,3,3,4,3,4,4,3,2,5
"Dumduma, Bhubaneswar, Odisha",Chak Groceries,3,2,1,0,4,3,4,4,1,4,2,3,1,5,3,3
"Dumduma, Bhubaneswar, Odisha",Health Mart,3,3,1,0,4,4,5,3,4,3,3,4,4,3,3,4
"Dumduma, Bhubaneswar, Odisha",Dumduma Dry Cleaner,4,4,1,0,5,3,5,4,1,4,2,2,1,4,1,3
"Dumduma, Bhubaneswar, Odisha",Alok Medicine,4,4,1,0,4,4,5,3,4,4,3,4,4,3,4,3
"Dumduma, Bhubaneswar, Odisha",Rajshree Electricals,3,4,1,0,5,2,5,4,4,2,2,2,3,5,2,3
"ITER Street, Bhubaneswar, Odisha",Shanti Momos,4,4,1,0,5,4,5,5,3,4,4,4,2,5,4,4
"ITER Street, Bhubaneswar, Odisha",Gayatri Communications,5,5,1,0,3,4,5,3,4,5,4,3,2,2,2,5
"ITER Street, Bhubaneswar, Odisha",Med Store,4,3,1,1,4,3,4,4,2,4,4,3,2,4,4,3
"ITER Street, Bhubaneswar, Odisha",ICE,4,4,1,0,3,5,4,2,4,4,3,5,4,2,2,5
"ITER Street, Bhubaneswar, Odisha",Ze0bia's Kitchen,5,5,1,0,2,4,5,3,3,4,4,4,4,2,2,5
"ITER Street, Bhubaneswar, Odisha",Ambika Sweets,3,2,1,0,2,4,4,3,2,4,2,3,2,4,2,3
"ITER Street, Bhubaneswar, Odisha",Behrut Cafe,4,3,1,1,4,3,5,2,3,4,4,5,4,2,1,4
"ITER Street, Bhubaneswar, Odisha",Belgian Waffle,4,3,1,1,2,3,4,2,3,4,4,3,4,5,3,4
"ITER Street, Bhubaneswar, Odisha",Book Store,3,2,1,0,4,3,5,4,2,2,2,3,2,4,2,4
"ITER Street, Bhubaneswar, Odisha",Shyam Tea Stall,2,2,1,0,5,4,4,4,1,2,2,2,1,5,3,2
"Jagamara, Bhubaneswar, Odisha",CSB,5,5,1,1,3,4,5,2,4,5,5,3,4,3,2,5
"Jagamara, Bhubaneswar, Odisha",RFC,3,4,1,1,3,4,5,2,4,5,5,4,3,5,3,5
"Jagamara, Bhubaneswar, Odisha",Amyara Biryani,4,4,1,1,3,3,5,3,3,5,5,4,2,4,1,5
"Jagamara, Bhubaneswar, Odisha",Beauty Box,4,3,1,0,3,4,4,3,4,4,4,3,3,4,1,4
"Jagamara, Bhubaneswar, Odisha",R Food Corner,4,4,1,1,3,3,5,3,4,5,5,4,3,2,1,5
"Jagamara, Bhubaneswar, Odisha",Tibs Momos,4,2,1,0,5,4,5,4,2,4,4,4,2,5,1,3
"Jagamara, Bhubaneswar, Odisha",SS Special,3,1,1,0,5,2,4,4,1,4,3,2,2,4,3,3
"Jagamara, Bhubaneswar, Odisha",Amruta Plastics,4,4,1,0,4,5,5,2,4,4,4,5,4,3,1,5
"Jagamara, Bhubaneswar, Odisha",Home Arts,4,5,1,0,4,3,5,3,2,3,3,3,2,4,2,3
"Jagamara, Bhubaneswar, Odisha",Shanti Medicine Store,4,4,1,1,2,5,5,1,4,5,5,4,4,2,1,5
"Jagamara, Bhubaneswar, Odisha",Party House,5,4,1,0,2,4,5,3,4,5,5,4,4,4,2,5
"Jagamara, Bhubaneswar, Odisha",Kalyani Motor Repair,4,4,1,0,3,3,4,3,3,4,3,3,4,4,2,4
"Jagamara, Bhubaneswar, Odisha",Sizzle Wears,4,3,1,0,3,4,4,4,3,4,3,3,4,5,2,4
"Jagamara, Bhubaneswar, Odisha",Klove Restaurant,4,4,1,1,2,4,5,3,4,5,5,4,4,3,1,5
"Jagamara, Bhubaneswar, Odisha",Balaji Sweets,4,3,1,0,4,3,4,4,2,3,3,3,3,4,2,3
"Jagamara, Bhubaneswar, Odisha",Cover Hub,4,3,1,0,3,4,5,4,4,5,3,4,3,4,2,4
"Jagamara, Bhubaneswar, Odisha",Tea Time,3,2,1,0,5,2,4,5,2,3,2,2,1,5,3,3
"Jagamara, Bhubaneswar, Odisha",Cold Press Oil,4,2,1,0,4,3,4,4,2,4,3,3,3,4,1,4
"Jagamara, Bhubaneswar, Odisha",Laxmi Mobile,4,4,1,0,3,4,5,2,4,5,5,4,3,4,2,5
"Sonari, Jamshedpur, Jharkhand",Digi Cafe,5,4,1,1,1,5,4,5,5,4,5,4,4,2,1,2
"Sonari, Jamshedpur, Jharkhand",Sunrise Mart,2,2,1,0,5,1,3,5,3,3,1,3,1,5,2,3
"Sonari, Jamshedpur, Jharkhand",Green Leaf Grocery,5,5,1,1,3,4,4,3,4,4,5,5,3,4,2,2
"Sonari, Jamshedpur, Jharkhand",City Corner Store,2,2,1,0,5,3,3,3,3,3,3,4,2,1,2,3
"Sonari, Jamshedpur, Jharkhand",Blue Basket,5,5,1,1,5,3,4,3,3,4,3,5,1,2,2,4
"Sonari, Jamshedpur, Jharkhand",Urban Fresh,3,4,0,0,3,4,4,2,3,5,3,5,4,3,2,4
"Sonari, Jamshedpur, Jharkhand",Daily Needs Hub,5,1,1,0,4,4,1,5,3,3,3,1,1,1,2,5
"Sonari, Jamshedpur, Jharkhand",Prime Local Mart,4,3,1,0,2,4,4,4,4,4,3,5,3,3,1,5
"Sonari, Jamshedpur, Jharkhand",Golden Grain Store,5,3,1,0,4,1,5,3,5,2,4,5,2,5,3,3
"Sonari, Jamshedpur, Jharkhand",StreetSide Essentials,2,1,1,0,1,1,1,5,1,3,1,2,1,3,2,2
"Sonari, Jamshedpur, Jharkhand",Happy Homes Shop,4,1,1,1,5,3,1,4,4,4,3,1,4,3,2,5
"Sonari, Jamshedpur, Jharkhand",QuickPick Market,4,4,1,0,2,4,4,3,4,4,3,5,3,3,3,3
"Sakchi, Jamshedpur, Jharkhand",FreshWay Store,2,3,1,1,4,3,1,3,1,4,1,1,1,1,1,4
"Sakchi, Jamshedpur, Jharkhand",Neighborhood Needs,4,3,1,0,2,4,4,3,4,4,3,4,3,4,2,3
"Sakchi, Jamshedpur, Jharkhand",Family Choice Mart,2,2,1,0,5,3,3,3,3,3,3,4,2,1,2,3
"Sakchi, Jamshedpur, Jharkhand",Smart Basket,5,4,1,1,2,4,4,4,4,3,4,5,3,3,1,5
"Sakchi, Jamshedpur, Jharkhand",CornerCart,2,1,1,0,1,1,1,5,1,3,1,2,1,3,2,4
"Sakchi, Jamshedpur, Jharkhand",People’s Daily Store,2,2,1,0,4,3,4,1,1,3,3,3,1,4,2,5
"Sakchi, Jamshedpur, Jharkhand",EasyBuy Local,4,3,1,0,2,4,4,3,4,4,3,4,3,4,2,3
"Bistupur, Jamshedpur, Jharkhand",Metro Mini Mart,4,4,1,0,2,4,4,3,4,4,3,5,3,3,2,3
"Bistupur, Jamshedpur, Jharkhand",Town Fresh,2,2,0,0,2,4,1,4,1,5,4,5,1,1,3,3
"Bistupur, Jamshedpur, Jharkhand",J.M. Kirana,2,1,1,0,1,1,1,5,1,3,1,2,1,3,2,4
"Bistupur, Jamshedpur, Jharkhand",Value Vault,2,2,1,0,4,3,4,1,1,3,3,3,1,4,2,5
"Sonari, Jamshedpur, Jharkhand",Rapid Retail,4,1,1,1,5,3,1,4,4,4,3,1,4,3,3,3
"Sonari, Jamshedpur, Jharkhand",City Saver,5,4,1,1,2,4,4,4,4,3,4,5,3,3,1,5
"Sonari, Jamshedpur, Jharkhand",HomeRoot Store,5,1,1,0,4,3,1,5,1,3,1,3,1,4,1,5
"Sonari, Jamshedpur, Jharkhand",Bright Day Mart,4,4,1,0,2,4,4,4,4,2,4,4,2,3,1,3
"Kadma, Jamshedpur, Jharkhand",Unity Stores,2,2,1,0,5,1,3,5,3,3,1,3,1,5,2,3
"Kadma, Jamshedpur, Jharkhand",OpenDoor Market,5,1,1,0,4,4,1,5,3,3,3,1,1,1,2,5
"Kadma, Jamshedpur, Jharkhand",Trusty Trade,4,3,1,0,2,4,4,4,4,4,3,5,3,3,1,5
"Kadma, Jamshedpur, Jharkhand",Local Link,5,1,1,0,4,4,1,5,3,3,3,1,1,1,2,5
"Kadma, Jamshedpur, Jharkhand",Daily Delight,4,1,1,1,5,3,1,4,4,4,3,1,4,3,2,5
"Kadma, Jamshedpur, Jharkhand",Care & Carry,2,3,1,1,4,3,1,3,1,4,1,1,1,1,1,4
"Kadma, Jamshedpur, Jharkhand",Urban Roots,3,4,0,0,3,4,4,2,3,5,3,5,4,3,2,4
"Mango, Jamshedpur, Jharkhand",Swift Supplies,5,5,1,1,3,4,4,3,4,4,5,5,3,4,2,2
"Mango, Jamshedpur, Jharkhand",Heartland Store,2,1,1,0,1,1,1,5,1,3,1,2,1,3,2,4
"Mango, Jamshedpur, Jharkhand",MarketMate,4,1,1,1,5,3,1,4,4,4,3,1,4,3,3,3
"Mango, Jamshedpur, Jharkhand",FreshNest,5,4,1,1,1,5,4,5,5,4,5,4,4,2,1,2
"Mango, Jamshedpur, Jharkhand",Budget Basket,4,4,1,0,2,4,4,3,4,4,3,5,3,3,3,3
"Mango, Jamshedpur, Jharkhand",StreetSmart Shop,2,3,1,1,4,3,1,3,1,4,1,1,1,1,1,4
"Mango, Jamshedpur, Jharkhand",PurePick,2,2,1,0,5,3,3,3,3,3,3,4,2,1,2,3
"Adityapur, Jamshedpur, Jharkhand",Community Cart,5,1,1,0,4,3,1,5,1,3,1,3,1,4,1,5
"Adityapur, Jamshedpur, Jharkhand",Easy Street Store,5,1,1,0,4,3,1,5,1,3,1,3,1,4,1,5
"Baridih, Jamshedpur, Jharkhand",Golden Gate Mart,5,3,1,0,4,1,5,3,5,2,4,5,2,5,3,3
"Baridih, Jamshedpur, Jharkhand",TownSquare Shop,4,3,1,0,2,4,4,3,4,4,3,4,3,4,2,3
"Baridih, Jamshedpur, Jharkhand",Reliable Retail,2,2,1,0,4,3,4,1,1,3,3,3,1,4,2,5
"Telco, Jamshedpur, Jharkhand",Smart Street Mart,4,1,1,1,5,3,1,4,4,4,3,1,4,3,2,5
"Telco, Jamshedpur, Jharkhand",Fresh Field Store,2,2,1,0,4,3,4,1,1,3,3,3,1,4,2,5
"Telco, Jamshedpur, Jharkhand",Quick Corner,2,2,1,0,5,1,3,5,3,3,1,3,1,5,2,3
"Telco, Jamshedpur, Jharkhand",City Pulse Shop,5,3,1,0,4,1,5,3,5,2,4,5,2,5,3,3
"Telco, Jamshedpur, Jharkhand",HomeTown Mart,5,1,1,0,4,4,1,5,3,3,3,1,1,1,2,5
"Telco, Jamshedpur, Jharkhand",Neighbor’s Choice,2,2,1,0,4,3,4,1,1,3,3,3,1,4,2,5
"Telco, Jamshedpur, Jharkhand",Daily Drop,4,4,1,0,2,4,4,3,4,4,3,5,3,3,2,3
"CH Area, Jamshedpur, Jharkhand",Prime Pick,5,3,1,0,4,1,5,3,5,2,4,5,2,5,3,3
"CH Area, Jamshedpur, Jharkhand",Simple Saves,4,3,1,0,2,4,4,3,4,4,3,4,3,4,2,3
"CH Area, Jamshedpur, Jharkhand",Urban Shelf,4,3,1,0,2,4,4,3,4,4,3,4,3,4,2,3
"CH Area, Jamshedpur, Jharkhand",Friendly Finds,5,4,1,1,2,4,4,4,4,3,4,5,3,3,1,5
"CH Area, Jamshedpur, Jharkhand",Local Ladder,4,4,1,0,2,4,4,3,4,4,3,5,3,3,2,3
"CH Area, Jamshedpur, Jharkhand",Corner Bloom,5,3,1,0,4,1,5,3,5,2,4,5,2,5,3,3
"CH Area, Jamshedpur, Jharkhand",Trust Basket,5,4,1,1,2,4,4,4,4,3,4,5,3,3,1,5
"Golmuri, Jamshedpur, Jharkhand",Open Market Hub,3,4,0,0,3,4,4,2,3,5,3,5,4,3,2,4
"Golmuri, Jamshedpur, Jharkhand",Dharminder Lassi,4,4,1,0,2,4,4,3,4,4,3,5,3,3,2,3